id,nom,age,email,salaire,ville
1,Jean Dupont,30,jean.dupont@example.com,,Paris
2,Marie Curie,28,marie.curie@example.com,3100,Lyon
3,Ali Ndiaye,NA,ali.ndiaye@example.com,2700,Dakar
4,Sophie Durand,32,sophie.durand@example.com,,Marseille
5,,25,awa.ndiaye@example.com,2400,NA
6,Moussa Ba,29,moussa.ba@example.com,NaN,Thies
7,Khadija Fall,27,khadija.fall@example.com,2800,Dakar
8,Ousmane Sow,NA,ousmane.sow@example.com,2500,
9,Fatou Diop,26,fatou.diop@example.com,2900,Lyon
10,Inconnu,,unknown@example.com,2700,NA